<DATE>;<TIME>;<OPEN>;<HIGH>;<LOW>;<CLOSE>;<VOL>
200104;000000;255.97;258.19;253.7;255;35824160
200107;000000;254.75;254.84;251.4;253.9;22327940
200109;000000;253.62;259.15;253.03;259.15;40736030
200110;000000;259.41;261.76;257.01;257.99;38196300
200111;000000;257.91;259.25;256.88;258.19;18841650
200114;000000;258.21;262.4;257.15;262.4;25849900
200115;000000;262.58;263.22;258.62;259.05;31097130
200116;000000;258.45;258.91;254.21;256.31;49328500
200117;000000;257.11;259.51;256.1;257.51;40225420
200118;000000;258.2;262.82;257.75;262.5;44891340
200121;000000;263.22;266.97;261.8;266.28;29749210
200122;000000;265.47;268.9;263.02;268.06;37927820
200123;000000;268.63;270.8;265.5;266.54;44170920
200124;000000;264.9;266.89;262.24;263.73;40484270
200125;000000;264.53;267.5;264.21;265.49;27246250
200128;000000;260.99;262.1;255.32;255.32;56011660
200129;000000;257.05;258.84;254.1;257.7;47921360
200130;000000;258.4;261.57;257.61;259.94;34921040
200131;000000;257.97;258.69;255.27;257.31;31552340
200201;000000;258.5;259.2;252.17;252.2;47800190
200204;000000;251.8;254.96;251.1;253.99;52621110
200205;000000;255.33;257.38;252.9;255.4;49731290
200206;000000;255.89;257.66;253.14;255.2;50719760
200207;000000;256.66;258;251.86;252.11;43319020
200208;000000;253.13;254.3;248.73;254.3;50059840
200211;000000;254.55;255.73;252.07;252.26;34935840
200212;000000;253.78;259.77;253;254.5;79392360
200213;000000;255.4;255.49;252.31;254.5;52447350
200214;000000;253.62;255.18;252.5;253.89;36654420
200215;000000;254.38;254.38;251.4;251.75;29982140
200218;000000;252.5;253.1;250.13;251.36;26370580
200219;000000;250.08;250.44;247.57;249.2;36259430
200220;000000;250.37;250.68;247.95;249.7;25740870
200221;000000;250.07;252.17;249.13;250.15;30707880
200222;000000;248.42;251.49;247.24;250.8;27682840
200226;000000;247.98;248.83;245.17;245.19;40505070
200227;000000;244.75;251.21;243.22;250.8;67529090
200228;000000;247.5;248.98;242;242.88;57887670
200229;000000;234.96;239;231;233.36;123187610
200303;000000;238.55;241;218.86;228.17;101688550
200304;000000;233;239;232.28;236.63;83491100
200305;000000;234.13;236.7;232.62;235.27;54165550
200306;000000;237.03;238.72;230.64;232.33;56972700
200307;000000;227.99;229.2;216.67;219.99;103932680
200311;000000;197.99;212.74;184.86;201.2;243308680
200312;000000;202.2;204.33;192.05;194.53;137765860
200313;000000;185.17;187.87;173.14;175.91;197162330
200314;000000;175;199.52;174.3;198.6;262618120
200317;000000;194;196.7;186;195.85;173656160
200318;000000;194.92;204.78;183.8;184.01;183602360
200319;000000;178.95;182.2;172.15;174.27;154736970
200320;000000;178.5;190.15;173.06;189.51;187222370
200321;000000;198.62;201.86;192.05;195.69;170124950
200324;000000;188;190.99;182.1;183.37;157690770
200325;000000;193.3;195;189.1;192.64;104281150
200326;000000;196.37;201;182.32;188.08;187724830
200327;000000;187.69;191.2;182.8;188.07;111338470
200328;000000;188.05;188.97;180.17;180.38;114106500
200331;000000;177.03;183.2;174.9;183;93995170
200401;000000;186;188.77;184.25;187.21;113605840
200402;000000;183.2;185.47;182;184.78;76453050
200403;000000;188.34;189.9;182;186.95;125289380
200404;000000;186.6;187.49;184.28;185.64;92726520
200407;000000;187.52;192.02;186.42;190.7;77520920
200408;000000;193.1;200.54;193.06;197.63;136262480
200409;000000;196.2;200.29;195.12;200.29;89695510
200410;000000;202.4;205.44;199.3;203.61;109748080
200411;000000;201.85;202.75;200.7;201.99;28658630
200414;000000;201.99;202.16;197.32;198.26;41196340
200415;000000;199.99;202.85;196.1;197.37;80132500
200416;000000;196;196.25;186.06;186.07;97979270
200417;000000;187.22;191.67;183.53;188.5;109069050
200418;000000;192.5;192.7;188.28;191.8;71522530
200421;000000;190.6;192.23;187.31;189.32;62162030
200422;000000;185.54;187.5;183.65;186.05;94053840
200423;000000;185.05;191.94;184.5;190.2;75194080
200424;000000;192;192.5;188.68;190.94;62581600
200425;000000;189.73;191.65;187.7;188.91;55252250
200428;000000;189.95;190.5;188.43;188.9;43627150
200429;000000;188.55;194.22;188.17;192.8;78555750
200430;000000;194.36;195.8;192.86;195.8;69766160
200501;000000;196.52;199.7;195.46;197.25;87028430
200505;000000;195.68;195.68;193.26;193.69;56239930
200506;000000;195.54;196.46;194;194.75;35239920
200507;000000;194.99;197.23;194.3;195.7;49513900
200508;000000;196;198.15;195.06;195.51;57670560
200509;000000;196;196.25;194.6;196.02;33775280
200513;000000;193.3;198;191.2;191.4;67270320
200514;000000;190.05;190.6;186.66;187.31;63256890
200515;000000;186.49;188.2;183.5;183.81;76532900
200516;000000;186.13;186.78;183.33;183.85;63033850
200519;000000;186.06;190;185.4;188.93;77252650
200520;000000;190.38;192.55;186.8;189;105168650
200521;000000;188.45;193.98;186.6;193.98;93311880
200522;000000;194;196.31;191.5;192.4;79390610
200523;000000;190.97;191.25;188.6;188.9;56926660
200526;000000;189.62;191.31;188.8;191;23090830
200527;000000;192.83;196.1;192.11;194;79038520
200528;000000;194.01;198.97;193.32;198.51;115900270
200529;000000;199.33;205;198.4;205;117073600
200530;000000;204.2;204.4;199.17;200.5;106525280
200602;000000;203.1;205.93;201.81;203.66;65100110
200603;000000;204.57;212;204;212;116798700
200604;000000;214;221.92;213.51;221.5;144505760
200605;000000;220.67;221;212.55;213.1;122406780
200606;000000;215.13;219.93;213.6;219.1;88508590
200609;000000;219.73;223.15;217.45;220.3;88612450
200610;000000;221.19;221.88;215.44;217.23;69097350
200611;000000;217;217.58;211.82;212.53;91851980
200612;000000;208.99;209.24;206.01;208.35;69726170
200616;000000;205.07;207.85;202.3;207.32;75360850
200617;000000;210.3;212.19;207.52;207.76;66267920
200618;000000;208.52;210.35;206.94;208.14;56455710
200619;000000;207.8;208.1;202.72;203.77;72204680
200620;000000;205.39;209.2;204.55;207;74923730
200623;000000;206.7;207.95;204.28;206.4;58621480
200624;000000;207.51;209.74;206.43;207.3;53213440
200626;000000;200.99;207;200.75;206.92;70420930
200627;000000;206.97;207.5;201.76;203.15;46627040
200630;000000;201.09;205.86;200.97;205.8;42613600
200701;000000;205.66;206;202.36;203.22;43705610
200703;000000;205.01;210.15;204.28;209.6;76154820
200704;000000;210;211.97;209;210.95;50602810
200707;000000;212.94;216.79;212.94;214.61;55118170
200708;000000;212.9;214.23;210.51;210.53;44709210
200709;000000;210.8;212.29;209.3;210.97;41999670
200710;000000;210.7;211.7;208.1;209.11;45129130
200711;000000;207.5;212.6;206.57;212.28;50631590
200714;000000;213.86;214.2;208.11;208.39;51159680
200715;000000;208.38;209.58;205.7;209.5;65996740
200716;000000;210.29;211.8;207.65;211.09;49443460
200717;000000;209.7;212.6;208.63;211.35;38986190
200718;000000;211.68;212.18;209.86;210.81;36123640
200721;000000;210.27;214.48;209.08;213.89;44482520
200722;000000;215;219.1;214.38;215.73;75241030
200723;000000;215.98;217.65;213.56;216.71;48418830
200724;000000;217.49;219.28;215;215.41;43348380
200725;000000;214.78;217.41;197.73;215.97;53375040
200728;000000;216.64;218.38;215.15;216.9;38282820
200729;000000;216.82;217.42;215.25;215.53;24557890
200730;000000;215.89;219.18;215.63;219.18;41332240
200731;000000;218.71;218.88;215.34;218.15;51172130
200801;000000;218.18;221.98;217.43;221.57;59643550
200804;000000;222.27;228.36;221.3;226.72;64491510
200805;000000;227.39;228.85;225.63;227.16;41990440
200806;000000;228.15;229.17;224.31;226.4;54596910
200807;000000;226.6;227.43;224.35;226;30150840
200808;000000;225.05;227.6;224.46;227.28;35603190
200811;000000;227.88;228.7;224.51;225.99;43443970
200812;000000;226.21;234.73;226.21;232.65;81839190
200813;000000;233.14;242.5;233.03;242.4;100956370
200814;000000;242.14;244.04;238.57;241.39;85633070
200815;000000;242;242.22;238.47;239.99;44251150
200818;000000;240.8;242.35;234.5;237.8;77010820
200819;000000;236.88;239.83;235.69;236.3;36709210
200820;000000;235.89;240.75;235.19;239.4;38198470
200821;000000;238.44;238.51;230.33;232.48;116907020
200822;000000;233.32;236.5;227.35;231.22;138860290
200825;000000;232.5;233.7;230.2;231.81;44448280
200826;000000;232.22;232.97;226.9;228.08;58959140
200827;000000;228.3;229.4;224.7;227.8;75719340
200828;000000;227.8;229.98;225.6;226.23;51005540
200829;000000;227;228.1;225.19;226.3;40700580
200901;000000;227.02;229.71;225;226.1;61944640
200902;000000;226.71;227.97;226.01;227.64;37502870
200903;000000;228.56;228.75;220.85;222.57;77783830
200904;000000;221.7;224.23;218;218.32;69352330
200905;000000;218.01;222.5;216.75;222.21;70514060
200908;000000;221.58;224.2;220.5;221.32;59227020
200909;000000;222.01;222.48;216.29;217.68;69809370
200910;000000;217.03;218.88;216.8;218;47977600
200911;000000;218.25;222.15;215.79;220.6;71152000
200912;000000;221.22;223.15;219.75;221.07;45633510
200915;000000;222.32;227.54;222.13;227.37;62798500
200916;000000;228.21;231.95;227.39;231.5;61742490
200917;000000;231.73;232.6;230.15;231.06;39547830
200918;000000;229.1;231.75;228.57;231.46;48862560
200919;000000;232.01;232.59;229;230.3;54568200
200922;000000;229.88;230.07;223.49;226.25;70253350
200923;000000;226.01;230.28;225.46;229.88;66529120
200924;000000;230.05;232.1;227.61;228.5;71209480
200925;000000;227.7;231.1;225.75;228.17;81830090
200926;000000;229.01;229.3;226.25;228.24;60095930
200929;000000;228.79;229.55;227.35;228.63;64238440
200930;000000;228.85;228.85;223.1;225.48;90380110
201001;000000;224.44;230.75;223.25;229.14;78547070
201002;000000;229.14;229.9;226.86;227.23;77695460
201003;000000;210.4;211.39;206.5;208.8;113333260
201006;000000;209.6;210.69;207.72;208.89;45503950
201007;000000;209;212.99;208.35;211.18;87494140
201008;000000;211.31;212.66;209.03;210.6;61938560
201009;000000;211.21;211.43;207.26;207.97;49386720
201010;000000;208.46;208.96;204.4;205.38;65464660
201013;000000;205.97;208.49;204.57;206.18;52059840
201014;000000;205.92;207.64;204.77;205.03;45995460
201015;000000;205.13;208;204.78;207.83;46800230
201016;000000;207.45;207.57;201.95;203.85;76453110
201017;000000;204.01;204.25;200.5;201.17;66207070
201020;000000;201.59;204;201.59;202.78;47388190
201021;000000;203;209.76;202.5;209.54;80894090
201022;000000;210.04;213.25;208.9;210.33;82434060
201023;000000;209.58;211.53;207.84;210.21;46737620
201024;000000;210;214.73;209.15;214.5;75208650
201027;000000;213.4;214.45;210.5;211.1;58821670
201028;000000;211.5;212.29;206.66;207.64;61053270
201029;000000;206.91;206.94;202.3;204.73;70128700
201030;000000;206.51;207.33;203.64;205.58;91297990
201031;000000;203.66;204.84;200.61;200.99;83424060
201103;000000;200.44;204.59;196.15;204.5;82202910
201104;000000;205.7;211.11;203.8;209.2;90250210
201106;000000;214.4;218.65;211.43;216.7;152059160
201107;000000;215.8;218.29;213;217.5;94928190
201110;000000;220;231.3;218.7;228.05;217217210
201111;000000;227.18;237.6;226.27;236.1;229431100
201112;000000;237;245.98;236.89;244.2;234734740
201113;000000;243.31;245.72;240.22;242.08;151362110
201114;000000;242.01;244.14;238.62;242.99;106127700
201117;000000;244.14;248.73;244;247.99;113715900
201118;000000;247.99;249.84;243.41;245.7;94861740
201119;000000;245.07;247.23;242.59;242.71;60036860
201120;000000;242.5;243.49;237.34;240.27;96933550
201121;000000;239.7;240.77;236.57;239.42;48707710
201124;000000;240.46;243.87;238.52;239.7;74750590
201125;000000;241.51;247.85;239.57;247.33;84391720
201126;000000;247.95;252.2;246.55;251.91;133279720
201127;000000;252.2;252.88;247.44;250.1;79802600
201128;000000;250.31;252.26;248.03;251.59;51413850
201201;000000;249.72;251;245.98;249.63;112040430
201202;000000;250.71;260.99;249.8;260.81;132045800
201203;000000;260.05;264.99;258.8;264.06;93270290
201204;000000;264.49;264.63;260.85;263.14;62219970
201205;000000;264.65;270.84;264.5;270;94546040
201208;000000;269.2;276.13;268.1;274.36;94682100
201209;000000;274.44;276.66;271.52;275.49;78823270
201210;000000;276.19;279.42;275.87;276.89;73606600
201211;000000;276.7;282.2;275.2;282.2;75547130
201212;000000;282.5;284.6;279.78;283.73;76031520
201215;000000;285.02;287.74;277.1;279.95;90216400
201216;000000;278.53;283.76;276.07;278.7;84170420
201217;000000;278;280.84;276.14;278.35;54712610
201218;000000;279.84;285.16;276.54;278.5;92056470
201219;000000;277.4;277.4;268.52;270.16;99129600
201222;000000;266.4;267.34;259.7;261.79;120329330
201223;000000;259.55;267.42;257.05;262.04;105345250
201224;000000;262.2;270.29;260.22;270.1;67880370
201225;000000;271.9;272.82;267.13;269.32;42447420
201226;000000;269.93;271;268.28;270.64;11978340
201229;000000;270.89;275.19;269.73;274.7;38838530
201230;000000;275.91;276.43;271.26;272;38984890
201231;000000;272.5;274.24;270.12;271.65;31509500
210105;000000;274.67;276.6;270.61;272;48799460
210106;000000;272.67;275.7;270.28;275.2;45554100
210107;000000;275.9;275.92;271.62;272.93;40905340
210109;000000;275.11;283.99;275.11;283.64;88672940
210112;000000;282.75;292.95;279.48;289.49;112210400
210113;000000;290.5;296.07;286.7;289.99;78890100
210114;000000;291.01;292.46;283.1;283.78;67489780
210115;000000;284;286.9;279.06;284.79;74616910
210116;000000;282.55;286.16;276;276.9;73687110
210119;000000;275.73;281.3;272.95;279.79;73676310
210120;000000;280.98;282.8;276.42;278.19;55682850
210121;000000;278.63;282.49;276.77;279.8;47858610
210122;000000;280.78;281.54;272.84;274.4;83765230
210123;000000;273;273.3;266.78;268.25;86899970
210126;000000;270.54;273.63;261.65;265.3;114068450
210127;000000;262.9;269.57;262.61;269.34;75094890
210128;000000;270.07;273.8;265.02;265.5;100046360
210129;000000;263.5;267.17;261.17;265.96;81088040
210130;000000;263.92;264.75;257.36;258.11;120025230
210202;000000;260;264.06;258.73;263.8;63050800
210203;000000;265;268.39;263.05;263.15;79360220
210204;000000;264.25;268.14;261.05;263.53;77585700
210205;000000;263.21;270.6;262.34;270.11;78873410
210206;000000;271.99;272.57;268.87;271.7;71697410
210209;000000;273.01;275.58;272.32;275.2;51720410
210210;000000;275.99;276.29;267.19;268.98;91773840
210211;000000;269.28;270.99;265.2;265.9;63033470
210212;000000;265.49;266.9;263.75;264.7;38615960
210213;000000;263.99;266.44;258.55;266;81585980
210216;000000;268.49;271.87;267.07;271.81;56766380
210217;000000;272.31;272.8;268.27;270.9;62992920
210218;000000;270.92;275.07;267.56;270.9;79087080
210219;000000;270.35;272.46;266.21;266.99;58686040
210220;000000;266.12;272.81;264.19;271.34;59193580
210221;000000;271;271;269.02;270.51;8738250
210223;000000;270.37;274.46;268.12;273.71;48095910
210225;000000;272.12;272.75;269.42;271.9;64101830
210226;000000;273.6;276.48;270.65;270.71;79566390
210227;000000;268;272.49;266.43;270.17;74446940
210302;000000;273;274.73;271.13;273.58;35741070
210303;000000;271.89;280;271.6;279.1;71481180
210304;000000;281.7;283.83;277.63;278.01;64113880
210305;000000;278.53;281.96;273.63;274.75;91841080
210306;000000;276.12;278.98;272.76;277.5;83301590
210310;000000;278.71;286.38;277.56;285.79;72592390
210311;000000;285.23;288;281;282.24;55067560
210312;000000;283.86;286.38;282.3;286;47203100
210313;000000;286.3;287.49;282.82;284.93;51362640
210316;000000;286.07;292.92;285.28;292.74;67756210
210317;000000;293.07;293.88;288.61;292.33;53891160
210318;000000;292.38;293.25;279.6;283.35;110247040
210319;000000;284.06;285.79;278.24;279.25;74060790
210320;000000;279;286.31;278.03;285.47;84214320
210323;000000;285;291.2;283.08;288.65;62697960
210324;000000;287.6;288.3;282.11;282.6;70668340
210325;000000;283.3;288;282.25;285.79;46388650
210326;000000;286.33;287.03;283.85;286.66;35114120
210327;000000;288.6;292.75;288.32;291.22;55889260
210330;000000;289.72;294.09;289.26;293.3;43631060
210331;000000;294.6;295.72;291.5;293.25;38637210
210401;000000;294;294.42;290.26;291.02;46972400
210402;000000;292;294.72;288.43;290.24;51532880
210403;000000;290.81;292.4;289.14;291.7;19262050
210406;000000;290.8;291.48;287.07;288.78;35298970
210407;000000;289;289.43;281.37;281.5;77497430
210408;000000;281.66;284.29;278.54;283.98;74087530
210409;000000;284.62;286.2;282.17;283.89;51161440
210410;000000;283.44;283.79;280.09;281.07;40018040
210413;000000;278.21;285.35;278;281.75;57020860
210414;000000;282.9;288.2;281.14;287.95;67878750
210415;000000;290;291.58;286.72;287.18;58993600
210416;000000;281.5;285.19;280.87;283.72;87528200
210417;000000;285.7;289.3;284.08;288.5;63355410
210420;000000;287.9;289.25;286.04;287.72;51231790
210421;000000;288.9;290.92;286.59;287.42;63069010
210422;000000;288.04;290.2;287.06;289.25;49661560
210423;000000;289.04;294.67;286.93;292.18;73621930
210424;000000;293.16;294.2;290.78;293.19;42551750
210427;000000;294.3;296.48;293.1;295.27;45676020
210428;000000;295.74;300.25;295.61;298.5;62822260
210429;000000;298.84;299.26;295.89;298.49;40549200
210430;000000;301.05;301.84;294.79;297.1;56771630
210501;000000;296.92;298.1;295.03;297.73;35662800
210505;000000;298.7;304.23;298.2;303.7;60366580
210506;000000;304.01;306.03;302.71;305.99;41550150
210507;000000;306.29;314.98;306.25;314.72;62553900
210508;000000;316.01;319.16;315.48;317.94;56349650
210511;000000;318.27;320.19;314.31;320.19;59207110
210512;000000;303.05;309.48;301;307.16;79006340
210513;000000;307.4;309.24;302;302.02;56079760
210514;000000;302.15;306.86;299.33;306.74;57632810
210515;000000;308.2;308.24;302.33;304.1;26784400
210518;000000;303.5;305.24;301.01;303.94;28344110
210519;000000;305.04;306.62;303.33;305.78;35434660
210520;000000;304.38;304.88;295.1;297;71633830
210521;000000;297.94;298.37;293;296.72;58479500
210522;000000;296.82;302.98;294.9;301.23;51370530
210525;000000;302.05;304.75;299.59;300.7;30764260
210526;000000;301.78;307.4;301.57;306.8;37526860
210527;000000;307.81;309.5;305.33;307.01;35255410
210528;000000;306.39;313.9;305.72;312.72;70727920
210529;000000;313.3;314;309.06;309.56;35412970
210601;000000;309.3;312.6;308.82;310.79;23651780
210602;000000;312.6;314.17;310.03;311.6;37510420
210603;000000;311.59;314;310.61;313.98;26981700
210604;000000;314.8;315.71;309.87;312.41;34459100
210605;000000;313;313;307.6;310.94;37077640
210608;000000;310.03;316;308.57;315.53;40149880
210609;000000;315.26;316.18;312.5;314.83;34909350
210610;000000;315.01;315.9;312.9;314.78;25115980
210611;000000;314.8;316.58;313.76;314.62;29201370
210612;000000;314.88;315.08;312.5;313;21902100
210615;000000;313.48;314.87;310.4;314.12;25494830
210616;000000;314.13;315.6;312.4;312.51;29704890
210617;000000;312.5;314.54;311.03;311.61;38224960
210618;000000;311;315.42;310.46;313.9;44164540
210619;000000;313.44;313.82;308.13;309.3;62327060
210622;000000;308.45;310.4;306.56;310.4;36086020
210623;000000;310.79;311.17;308.13;309.73;23511320
210624;000000;310.4;312;308.69;309.79;24810790
210625;000000;309.82;311.2;308.84;310;19708450
210626;000000;310.41;312.5;309.82;311.81;22588790
210629;000000;311.76;312.06;309.13;309.48;19409430
210630;000000;308.7;309.23;303.66;306.1;33868700
210701;000000;306.35;306.91;303.34;306.45;31492940
210702;000000;306.19;307.35;305;305.78;19958090
210703;000000;305.59;308.37;304.71;307.39;28893920
210706;000000;307.81;308.11;304.8;307;16481560
210707;000000;307.32;307.59;302.37;303.34;32667720
210708;000000;303.56;306.2;302.85;304.06;22612920
210709;000000;302.99;304.3;300.62;302.63;30696840
210710;000000;302.71;304.1;301.22;303.56;20523480
210713;000000;303.56;306.27;301.52;306.23;25280830
210714;000000;306.85;307.22;302.11;303;21233230
210715;000000;302.7;303.69;300.74;301.5;23920780
210716;000000;301.19;303.5;299.77;301.72;21082200
210717;000000;301.92;304.78;298.57;298.85;34532240
210720;000000;298;298.36;290.03;291.46;41244150
210721;000000;292.34;296.8;292.3;296.1;35564960
210722;000000;296.01;296.94;293.54;294.86;17526680
210723;000000;295.77;298.17;294.43;297.27;20319290
210724;000000;297.5;298.69;295.04;296.38;14959920
210727;000000;293.99;303.68;291.98;303.34;33887060
210728;000000;302.66;304.59;299.38;299.71;38559430
210729;000000;300.48;302.98;300;302.9;26896580
210730;000000;304.14;305.27;303.03;303.12;27950010
210731;000000;302.42;306.67;301.12;305.59;49522680
210803;000000;306.31;308.63;306.06;306.51;31506510
210804;000000;306.31;309.89;306.25;309.89;33788860
210805;000000;310.26;312;309.25;311.1;30666580
210806;000000;311.02;315.91;310.82;315.82;37290300
210807;000000;316.1;320;315.31;319.15;54096400
210810;000000;318.56;328.3;317.62;326.91;71958140
210811;000000;328.05;331.29;326.97;330.11;41507840
210812;000000;330.7;330.98;326.21;329.9;34418000
210813;000000;330;330.64;327.3;328.57;20985080
210814;000000;328.6;330.27;327.31;328.68;18758270
210817;000000;327.56;330.52;327.13;329.36;23916510
210818;000000;329;335.7;328.55;334.5;42463620
210819;000000;336.05;338.99;333.26;334.9;36270350
210820;000000;333.5;334;329.1;332.69;45936410
210821;000000;332.2;333.27;325.17;325.67;36352850
210824;000000;327.85;329.81;326.55;329.22;20539290
210825;000000;330.37;331.22;323.32;324.83;35650540
210826;000000;324.29;325.32;321.26;324.57;28071640
210827;000000;324.03;325.55;320.58;322.54;27463480
210828;000000;323.74;327.5;321.8;327.41;27792410
210831;000000;328.42;329.38;326.51;328.28;20356090
210901;000000;328.54;330.48;327.3;327.94;32440160
210902;000000;328.87;334.64;328.03;334.57;30671130
210903;000000;334.67;334.91;328.77;329;31562590
210904;000000;329.47;330.53;326.62;329.71;29597400
210907;000000;330;331.45;328.5;329.37;17467620
210908;000000;329.82;330.73;324.64;325.96;24443360
210909;000000;325.96;332.74;322.84;331.7;47818530
210910;000000;330.4;330.4;325.69;326.01;29884250
210911;000000;328.01;328.43;325.21;326.25;17390450
210914;000000;327.02;328.14;324.01;327.41;24349520
210915;000000;327.45;328.84;325.48;326.48;22491700
210916;000000;326.46;334.6;326.46;333.51;43810600
210917;000000;333.04;334.5;324.91;326.99;62479270
210918;000000;326.9;331.73;325.7;329.56;54120880
210921;000000;327.01;328.85;325;326.92;31671550
210922;000000;328.44;329.48;322.39;323.25;47704160
210923;000000;325.28;328.9;322.5;327.8;38085450
210924;000000;328.94;329.4;325.13;327.02;27033650
210925;000000;326.08;326.23;323.62;325.44;24552590
210928;000000;326.32;332.46;326.09;331.68;34346920
210929;000000;332.06;334.48;328.32;329.3;52511780
210930;000000;329.09;330.45;327.15;328.43;27597990
211001;000000;329.98;342.2;329.45;340.99;83549930
211002;000000;339.21;339.94;336.08;338.48;37617680
211005;000000;337.81;349.31;336.22;345.85;59987320
211006;000000;346.79;365;344.9;363.2;86810410
211007;000000;366;375.48;359.35;364.28;95588390
211008;000000;367.69;374;365.88;368.93;49466740
211009;000000;369.5;374.55;368;373.01;31010000
211012;000000;375.05;388.11;375;387.6;66555950
211013;000000;385.9;386.86;376.72;377.79;51365340
211014;000000;378.7;380.91;370.81;378.8;54668150
211015;000000;382.02;383.13;374.57;376.09;36290870
211016;000000;377.5;378.41;370.43;371.82;37276570
211019;000000;369.35;369.91;363.75;364.6;38112280
211020;000000;365.68;373.4;361.5;373.18;40008020
211021;000000;371.83;371.97;367.1;370.16;27515020
211022;000000;368.2;371.14;363.2;364.6;24461840
211023;000000;364.06;370.39;362.37;364.37;26322460
211026;000000;366.19;371.7;361.68;369.99;35623260
211027;000000;369.89;374.63;365.66;372.16;41746810
211028;000000;371;374;366.51;371.36;36305740
211029;000000;370.5;374.92;362.32;365.36;53785930
211030;000000;364.33;364.33;352.68;356.14;53476690
211102;000000;356.14;371.47;356.14;370.96;55120560
211103;000000;370.98;374;367.2;370.7;37697650
211104;000000;370;370.5;365.03;370.13;30833580
211106;000000;366.98;367.56;358.5;360.21;39012570
211109;000000;362.59;363.97;355.6;358.39;39658600
211110;000000;358.41;364.58;355.6;357.44;41687090
211111;000000;356.68;358.8;348;348.65;46528570
211112;000000;350.14;357.89;347.22;356.24;42860130
211113;000000;356.24;356.37;339.68;347.59;100664120
211116;000000;348.67;352.8;342.76;344.39;59812240
211117;000000;345.91;346.47;336.01;337.91;61959550
211118;000000;338;343.57;336.6;339.89;49464380
211119;000000;338.9;343.12;333.5;336.93;47108510
211120;000000;339.37;339.99;325.7;327.56;66943180
211123;000000;326.03;326.39;306.67;309.15;144324090
211124;000000;306.28;327.01;300.1;326.84;144820750
211125;000000;328;329.97;317.35;321.22;77871110
211126;000000;322.37;322.96;316.11;317.29;44048010
211127;000000;307.13;312;303.22;304.42;90384610
211130;000000;311.14;322.15;309.42;316.57;82133140
211201;000000;311;318.58;310.09;315;98128940
211202;000000;321.35;329.44;319.51;324.4;69783520
211203;000000;325.21;329;320.54;326.8;61404320
211204;000000;327.6;328.95;318.4;320.66;43075790
211207;000000;322;324.16;304.18;307.5;99674420
211208;000000;307.5;313.03;300.5;309.79;154149090
211209;000000;310.97;316.88;291.57;296.95;241030570
211210;000000;297.49;304.94;292.5;300.4;133927110
211211;000000;300.41;304.28;294.43;297.44;82043690
211214;000000;298.28;300.99;280.08;280.64;146306320
211215;000000;280.21;286.09;261.5;284.9;176473700
211216;000000;285;287.79;279.44;286.65;87516430
211217;000000;287.75;298.7;286.2;295.89;134776020
211218;000000;295;296.73;291.61;294.9;109764650
211221;000000;293.11;293.11;285.63;288.4;79622500
211222;000000;289.8;293.4;286.76;291.7;64919700
211223;000000;291.83;297.23;289.23;294;63855050
211224;000000;294.68;298.1;291.26;292.8;55531330
211225;000000;293;294.18;289;293.89;37669750
211228;000000;294.79;296;293.37;295.68;35728530
211229;000000;295.84;297.55;294.18;295;37853360
211230;000000;295.05;295.55;291.33;293.51;37668260
211231;000000;293.61;294.89;291.52;293.49;42566850
220104;000000;295.9;305.5;294.34;305.47;50156260
220105;000000;305.51;310.1;301.63;304.24;53268220
220106;000000;303.56;304.26;287;287.01;70015940
220107;000000;286.86;295.1;281;293.92;79329410
220111;000000;295.53;298.88;288.68;291.69;67393720
220112;000000;292.93;293.94;288.71;291.88;58894910
220113;000000;292.5;292.92;285.05;290.4;81815210
220114;000000;289.69;290.37;269.9;272.5;211547650
220115;000000;272.39;277.98;249.2;261;406232780
220118;000000;262.2;264.01;247;257.78;248613210
220119;000000;258.8;259.39;228.09;234.7;484049150
220120;000000;232.89;249;221.03;244.86;360884470
220121;000000;244.12;263;240.01;254.61;329059220
220122;000000;252.98;259.08;246;246.9;295614320
220125;000000;246.51;249.88;226;236.97;325615680
220126;000000;236.99;243.55;231;239.59;232503340
220127;000000;240.06;245.17;233.3;236.9;224800440
220128;000000;234.99;260;233.1;254.29;301187890
220129;000000;255.86;262;252.02;257.82;204153960
220201;000000;258.88;269.6;258.81;269.42;156087540
220202;000000;269.71;273.1;260.56;264.7;170357700
220203;000000;265.8;266.91;254.52;261;170198890
220204;000000;258.45;259.87;250.06;250.79;151127560
220205;000000;251.99;259.74;251.91;256.53;126990670
220208;000000;257;260.53;253.52;257.61;85547520
220209;000000;257.61;269.9;256.52;269.8;161498400
220210;000000;270.01;279.71;270;279.09;193232800
220211;000000;279.21;282.3;273.67;275.2;180119880
220212;000000;274.88;275.87;259.61;260.83;213783420
220215;000000;256.69;259.5;245.1;256.7;357398630
220216;000000;257.6;274;257.51;274;271473810
220217;000000;276.88;281;274.15;277.78;195684110
220218;000000;277;277;259.36;260.58;262060710
220219;000000;262.14;267;245;250.28;270538090
220222;000000;249.12;258.32;184.3;201;1084339130
220223;000000;198.72;219.9;182.03;208.53;945941710
220225;000000;186.58;187.54;89.59;132.18;828329350
220226;000000;123.75;152.89;115.11;131.12;396287150
220325;000000;131;156.2;130.15;136.24;153705270
220326;000000;137.1;147;128.2;131.5;57307510
220329;000000;130.6;131.47;125;125;32756540
220330;000000;126.19;137.57;122;128.77;72242360
220331;000000;136.5;138.4;131.11;134.6;35411460
220401;000000;135.2;147.41;134.52;143.69;118239240
220402;000000;144.99;155.4;144.51;154.5;118603620
220405;000000;158.76;166.88;150.2;166;115516920
220406;000000;169.83;169.9;147.76;154.1;130008010
220407;000000;143.52;153.3;140.65;141.6;108343440
220408;000000;143.2;149.9;142.5;147.5;58520280
220409;000000;149.01;151;141.06;143.72;48314240
220412;000000;144.12;146.98;138.5;138.69;47482340
220413;000000;138.84;140.1;130.35;135.38;75342120
220414;000000;136.78;138.14;132.72;135.5;38947640
220415;000000;135.7;135.89;129.05;129.05;44206040
220416;000000;128.55;131.72;125.12;130.88;46693490
220419;000000;131.45;132.68;123.7;123.85;58331430
220420;000000;123.85;123.85;115.36;120.3;79797640
220421;000000;120.9;125.44;117.51;121.5;66509740
220422;000000;121.97;123.05;117.85;118.65;40607300
220423;000000;118.69;122.32;115.55;116.97;57392470
220426;000000;115.95;116.4;111.5;111.9;45714280
220427;000000;112.58;124.92;111.9;122.36;83480680
220428;000000;123.01;131.73;120.6;131.11;115400220
220429;000000;132.14;134.5;123.05;123.85;123344490
220430;000000;123.6;130;122.8;128.8;87296290
220505;000000;129.1;131.5;122.5;123.2;67177440
220506;000000;124.21;125.54;122.75;124.8;42303350
220507;000000;124.74;124.99;121.52;123.1;30558900
220512;000000;123.01;126.05;121.86;123.34;32776680
220513;000000;123.1;123.74;118.05;119.15;30817890
220514;000000;120.45;121.59;118.2;120.2;22762650
220517;000000;120.7;123.5;119.5;123.41;34889180
220518;000000;124.01;127.78;123.65;127.75;41838840
220519;000000;128.2;131.3;125;125.12;55422410
220520;000000;125.31;126.86;123.21;125.6;34146310
220521;000000;126.07;127;121.05;122.2;39225870
220524;000000;121.51;122.5;118.9;119.46;37711030
220525;000000;119.45;125;117.1;123.6;45091260
220526;000000;124.12;125.5;120.5;124.15;53466830
220527;000000;124.81;125.99;122;123;51897210
220528;000000;123.1;123.5;120.9;121.22;32523920
220531;000000;121.6;123;120.21;120.67;24894090
220601;000000;120;120;117.62;118.3;29907440
220602;000000;117.5;122.69;117;121.97;43722390
220603;000000;121.9;122.39;118.5;119;42732340
220604;000000;119.29;120.16;117.18;119.21;34298730
220607;000000;119.36;120.35;118.29;118.78;22191350
220608;000000;118.65;118.9;117.32;118.32;22238300
220609;000000;118.5;122.19;118.4;119.9;41488860
220610;000000;120.06;120.2;117.7;118.2;29343850
220611;000000;118.03;119.55;117.73;118.07;25343510
220615;000000;118.04;119.88;115.8;118.98;37579410
220616;000000;119.4;121.71;118.71;121.14;52145030
220617;000000;121.5;123.73;120.41;123.73;47892000
220618;000000;123.9;125.18;123.11;123.88;36503100
220621;000000;124.05;131.5;123.6;131.29;65637580
220622;000000;131.98;133.49;127.11;129.1;75189920
220623;000000;127.88;133.21;126.03;133.11;67693510
220624;000000;133.82;138.4;131.5;136.85;107981870
220625;000000;137.19;138.3;135.21;137.76;45185200
220628;000000;137.7;141.77;136.77;141.15;69806790
220629;000000;141.76;142.35;138.5;139.99;54771750
220630;000000;139.81;139.89;132.75;132.8;55124090
220701;000000;132.5;135.44;123.55;125.2;91333370
220702;000000;124.5;132;122.5;129.91;60560280
220705;000000;129.1;132.8;127.16;131.43;47772880
220706;000000;132;135.7;131.43;133.5;51576470
220707;000000;133.43;137.1;132.5;134;47025990
220708;000000;134.1;135.2;131.22;133.09;42980870
220709;000000;133.16;133.98;130.9;133.3;27594700
220712;000000;132.75;133.9;126.42;126.8;53657260
220713;000000;126.6;129.35;124.2;129;57174340
220714;000000;129.6;129.95;125.36;126;45871190
220715;000000;125.95;128;124.61;125.9;41631700
220716;000000;126.2;129.44;125.27;128.9;44919840
220719;000000;130;130.64;127.25;128.11;35315600
220720;000000;128;128.11;125.51;127.76;32335000
220721;000000;128.12;129.2;126.16;126.44;34673960
220722;000000;126.4;126.83;122.24;125.48;53582090
220723;000000;125.52;129.1;125.03;128.82;46422190
220726;000000;128.93;132;127.24;131.45;55831830
220727;000000;132.04;133.9;131;132.9;50300050
220728;000000;132.9;134.79;131.62;132.5;42456260
220729;000000;133.01;133.49;130.1;131.72;40042950
220730;000000;131.69;132.75;130.31;131.9;27767320
220802;000000;131.77;131.77;127.34;127.34;44231460
220803;000000;126.6;128.44;125.6;127.53;43884150
220804;000000;128.06;129.15;126.27;126.85;30874750
220805;000000;126.94;128.13;126.16;126.95;19529260
220806;000000;127.5;127.58;122.24;122.4;61105370
220809;000000;126.14;127.38;123.51;123.81;52606720
220810;000000;123.9;126.5;122.3;126.4;37895140
220811;000000;126.25;127.29;124.87;126.2;31865110
220812;000000;126.88;126.97;123.07;123.45;30717890
220813;000000;123.48;124.98;122.6;124.88;27133850
220816;000000;124.6;125.7;123.28;125;25301550
220817;000000;125.17;126.86;124.53;126.39;27210450
220818;000000;126.57;127.44;124.5;124.5;32862470
220819;000000;124.39;126.5;123.92;126.3;25365910
220820;000000;126.35;126.36;124.72;125.2;18581110
220823;000000;125.08;126.69;124.7;126.06;24420350
220824;000000;126.06;130.49;126.01;130.38;65383170
220825;000000;130.6;131.64;127.85;128.15;45722080
220826;000000;128.18;129.81;127.1;128.18;35847360
220827;000000;128.14;130.5;127.62;130.4;32857860
220830;000000;130.12;131.4;129.52;131.17;40725660
220831;000000;131.2;132.6;129.65;130.05;50972000
220901;000000;132.3;138.34;131.5;134.25;106571380
220902;000000;133.98;138.22;132.02;138.2;54786340
220903;000000;138.75;144.9;136.22;143.8;136591640
220906;000000;143.48;145.1;139.11;141;87387950
220907;000000;140.9;141.07;135.22;137.23;86562180
220908;000000;136.96;139.19;135.41;136.86;60616830
220909;000000;136.68;137.4;134;134.51;57655660
220910;000000;134.45;138.47;134.23;138.15;48925660
220913;000000;137.12;140.37;136.8;138.7;52455460
220914;000000;138.71;139.37;136.15;137;44533690
220915;000000;136.7;139.29;135.2;138.9;62768230
220916;000000;139.15;140.28;137.61;139.48;56215930
220917;000000;139.38;141.39;136.8;137.73;71732740
220920;000000;137.45;139.08;137.07;138.04;33202580
220921;000000;137.86;138.35;122.42;125.1;208908480
220922;000000;112.5;123.98;109.27;120.23;134746110
220923;000000;120.35;126.95;120.35;124.31;117343820
220924;000000;124.45;124.5;117.35;119.39;85382140
220927;000000;114.99;117.99;105;107.06;147877290
220928;000000;110;113.89;107.07;112.92;90733010
220929;000000;112;115.2;109.13;111.06;77869660
220930;000000;111.59;112.2;107.68;110.41;67451840
221001;000000;110.9;113.4;103.4;110.21;133531450
221004;000000;110.67;114.65;109;114.35;73873990
221005;000000;115.05;115.5;110.3;110.55;83422320
221006;000000;110.46;110.49;106.25;108.51;90327920
221007;000000;108.65;110.38;107.57;108.24;51634990
221008;000000;107.72;108.48;101.3;101.5;90940030
221011;000000;96.55;106.77;96.5;106.71;116896490
221012;000000;106.55;108.3;104.26;107.72;76867120
221013;000000;108.27;108.5;105.25;105.9;63331750
221014;000000;105.7;107.3;104.8;106.5;46813160
221015;000000;106.93;109.19;105.69;107.78;52538120
221018;000000;107.99;112.76;107.65;112.44;78420110
221019;000000;113.05;114.37;110.48;110.88;101627180
221020;000000;110.2;112.93;109.3;112.39;90574840
221021;000000;112.76;117.2;112.37;116.98;100612540
221022;000000;116.93;119.94;114.37;119.45;102297020
221025;000000;120.15;121.68;117.65;118.8;74327210
221026;000000;118.86;125.2;118.3;124.36;114126120
221027;000000;124.71;126.88;122.1;124.43;108350490
221028;000000;124.75;127.5;123.68;126.61;87825200
221029;000000;126.13;127.25;124.6;126.97;73494940
221101;000000;127.2;128.6;125.41;126.72;60649080
221102;000000;127.23;127.97;126.12;127.05;36720430
221103;000000;127.05;127.74;123.75;125.49;40156380
221104;000000;125.39;126.1;123.91;125.75;47535720
221108;000000;127.02;132;126.5;132;91496790
221109;000000;131.99;133.11;130.1;131.29;69371580
221110;000000;131.06;131.47;126.42;127.3;64832870
221111;000000;131.02;136.69;129.77;136.68;170890500
221112;000000;137.71;138.42;135.13;136.98;75278900
221115;000000;137.41;140.7;135.83;139.8;82383460
221116;000000;140.4;141;130.86;135.66;145273030
221117;000000;136.99;139.73;136.32;139.18;66816110
221118;000000;139.11;140.35;136.6;137.57;59085810
221119;000000;137.1;137.81;135.84;136.89;44009880
221122;000000;136.01;136.3;132.51;134.46;83395500
221123;000000;134.55;136;133.81;135.65;45774100
221124;000000;135.7;137.55;134.5;136.59;52259060
221125;000000;137;138.41;136.12;136.61;42319840
221126;000000;137.2;137.24;135.41;136.53;29248180
221129;000000;135.01;136.2;134.1;135.53;45047440
221130;000000;136.29;137.2;135.88;136.37;31503750
221201;000000;136.51;136.78;135.23;136.78;26797760
221202;000000;137.11;137.95;136.31;137.15;32859350
221203;000000;136.98;137.1;136.17;136.66;19212600
221206;000000;136.66;142.68;136.25;142;103887240
221207;000000;142.2;143.37;139.11;140.61;51734090
221208;000000;140.5;142.81;138.36;142.32;69817930
221209;000000;143.5;143.6;139.8;139.92;63554380
221210;000000;139.7;140.7;139.24;140.03;29390220
221213;000000;140.19;140.87;138.7;139.48;33347970
221214;000000;139.65;139.93;136.67;138.13;52159500
221215;000000;138.25;138.25;136.6;137.3;34031240
221216;000000;136.97;137.08;134.3;134.55;54698540
221217;000000;134.5;136.09;134.13;135.45;32731270
221220;000000;135.13;136.73;132.86;134.64;58784640
221221;000000;134.51;138.4;134.41;138.28;44987710
221222;000000;138.7;139.12;135.81;137.75;45361520
221223;000000;137.99;138.97;137;137.69;30488490
221224;000000;137.49;138.26;136.81;137.94;22816280
221227;000000;138.34;141;138;140.95;49323760
221228;000000;141.31;142;139.6;139.9;41507480
221229;000000;139.79;140.4;138.6;139.51;27937090
221230;000000;139.5;141.65;139.22;140.96;32029570
221231;000000;140.84;141.48;140.13;141.15;28072880
230104;000000;141.6;143.25;141.56;141.78;21027110
230105;000000;141.84;142.28;140.75;141.43;17094250
230106;000000;141.6;141.84;140.54;141.27;17236330
230107;000000;141.35;141.62;140.9;141.4;10647380
230110;000000;141.84;142.99;141.65;142.4;31314900
230111;000000;142.11;142.85;141.31;142.81;23691190
230112;000000;142.97;149.98;142.87;149.96;123046960
230113;000000;150.05;150.79;148.39;149.3;46557290
230114;000000;149.57;153.28;147.71;151.69;88460580
230117;000000;152.85;154;151.88;153.71;51527810
230118;000000;153.97;154.31;150.01;150.45;84226560
230119;000000;150.4;153;149.41;151.47;67364580
230120;000000;151.2;152.85;148.56;149.34;66640910
230121;000000;149.7;151.4;148.64;151.38;44165570
230124;000000;151.9;154.1;151.01;153.5;55100140
230125;000000;153.94;155.58;152.28;152.66;78662030
230126;000000;152.45;153.6;151.5;152.81;43317800
230127;000000;153.32;154.3;151.73;152.4;45375340
230128;000000;152.4;153.48;151.69;153.2;34069080
230131;000000;153.5;153.88;152.21;153.38;31014210
230201;000000;153.51;158.18;153.3;158.07;77840320
230202;000000;158.2;159.6;156.5;158.29;66229060
230203;000000;158.39;160.29;157.37;159.45;53822290
230204;000000;159.09;162.32;157.88;161.26;63595690
230207;000000;161.71;167.17;161.01;167.09;88885050
230208;000000;167.3;168.7;163.4;165.39;92561690
230209;000000;165.1;166.35;162.7;164.15;58565870
230210;000000;164.35;167.47;161.27;165.31;107000260
230211;000000;165;166.49;164.5;165.52;40772540
230214;000000;165.21;166.88;164.17;164.32;36134650
230215;000000;164.3;164.38;161.64;161.86;58676770
230216;000000;160.93;161.12;153.83;156.25;113600860
230217;000000;157.34;159.3;156.25;158.22;68386460
230218;000000;157.95;160.38;156.91;159.73;51777410
230221;000000;159.42;161.3;156.73;160.09;63810790
230222;000000;160.64;165.65;159.26;164.15;127324000
230223;000000;164.13;164.42;162.5;163.37;43695690
230225;000000;163.33;165.5;163.1;164.3;37700530
230228;000000;163.64;170;162.96;169.95;100005170
230301;000000;170.48;171.92;168.37;169.82;80540860
230302;000000;170.4;171.66;169.5;170.53;53655680
230303;000000;170.4;170.4;166.55;168.05;86014000
230304;000000;168.2;171.26;167.9;171.16;49424990
230307;000000;172.13;172.99;171.35;171.84;64237540
230308;000000;171.87;174.2;171;174.01;55231190
230310;000000;174.85;174.89;172.21;172.55;79748090
230311;000000;171.71;173;170.58;172.53;49778720
230314;000000;172.53;173.9;169.26;172.15;73298080
230315;000000;171.65;176.95;171.01;175.71;89212040
230316;000000;176;177.37;173.59;175.3;79838900
230317;000000;174.9;176.04;173.36;175.45;51345380
230318;000000;183.02;193.66;178.56;193.59;384905230
230321;000000;196.03;205.09;195;203.73;155827740
230322;000000;204.75;208;201.25;203.32;122268990
230323;000000;203.41;204.4;201.59;202.89;57464560
230324;000000;202.55;204.2;202.22;202.58;26484020
230325;000000;202.85;203.85;202;203.57;24297290
230328;000000;204.02;213.2;204.01;211.84;101348890
230329;000000;212.85;214.7;210.67;214.03;73669280
230330;000000;214.86;219.53;213.6;217.99;96549640
230331;000000;217.34;218.45;216.12;216.87;40737550
230401;000000;217.2;217.35;211.3;216.6;88023190
230404;000000;218.45;219.44;214.8;216.09;54788980
230405;000000;216.2;217.29;213.8;214.83;45747250
230406;000000;214.69;216.3;211.4;216.15;46127960
230407;000000;216.3;217.38;214.07;214.25;38993420
230408;000000;214.5;216.39;213.65;216.27;29157060
230411;000000;217.1;222.26;216.61;222.21;84958930
230412;000000;222.9;223.33;217.62;218.6;98349200
230413;000000;218.62;219.7;216.67;219.22;44633200
230414;000000;219.41;220.89;218;219.85;32580550
230415;000000;219.99;222.5;218.51;221.87;43248810
230418;000000;222.97;228.2;222.91;228.1;78562510
230419;000000;227.89;232.76;227.05;232.66;97459980
230420;000000;232.67;237.37;231.1;232.95;115494020
230421;000000;233.32;236.47;229.84;236.28;85046740
230422;000000;237.4;238.85;233.52;235.17;115606560
230425;000000;235.09;236.4;234.1;235.1;30405040
230426;000000;235.16;235.82;234.21;235.3;32063750
230427;000000;235.55;235.95;234.91;235.21;24351620
230428;000000;235.51;240.74;235.13;240.38;68224840
230429;000000;240.86;241.58;237.66;240.38;49494960
230503;000000;242.2;245;237.4;242.62;83246880
230504;000000;242.85;242.99;234;235.77;76740930
230505;000000;236.51;239.74;236.05;238.89;53006840
230506;000000;239.19;240.66;237.3;237.7;61314710
230509;000000;238.65;239.86;237.36;238.27;47676110
230511;000000;216.51;227.5;215.7;227.06;154134860
230512;000000;228.57;235.38;223.94;229.32;197037380
230513;000000;231.05;232.47;226.15;229.29;69831820
230516;000000;230.54;231.75;228.52;231.7;48873370
230517;000000;232.4;232.86;229.57;230.62;36429340
230518;000000;229.86;230.97;228.75;230.55;31635370
230519;000000;231.72;234.49;230.72;231.7;55909060
230520;000000;230.98;232.3;229.81;231.27;31540330
230523;000000;232.2;232.78;230;231;26351890
230524;000000;231.24;237.29;230.21;236.43;62996030
230525;000000;237.49;246.13;236.26;246.06;85850770
230526;000000;246.11;247.4;242.65;243.76;70582820
230527;000000;243.49;249.64;242.81;248.1;69113640
230530;000000;249.77;252.59;248.85;251.18;67591330
230531;000000;248.84;250.85;243.8;244.65;82871290
230601;000000;244;247.18;240.27;246.17;72797140
230602;000000;247;247;240.57;241.66;51897410
230603;000000;242.01;245.5;240.77;243.95;46465000
230606;000000;243.51;244.15;235.1;237.12;78650640
230607;000000;236;242.1;232.54;240.91;100337100
230608;000000;241.23;244.39;238.56;241.25;63082450
230609;000000;241.3;242.78;239.55;241.77;29851820
230610;000000;242.79;243;240.11;240.4;27458600
230614;000000;241.51;244.5;240.63;244.33;40478120
230615;000000;245.7;247.68;242.8;244.6;51810860
230616;000000;245.12;245.94;243.22;245.18;40015310
230617;000000;245.5;245.9;243.7;243.87;23311220
230620;000000;244.46;244.69;241.32;242.28;29777860
230621;000000;241.95;242.22;238.82;241.74;36578050
230622;000000;241.9;243.92;240.6;242.2;26644780
230623;000000;242.1;242.8;240.13;240.66;23093570
230624;000000;239.96;240.99;234.34;235.67;61661860
230627;000000;239.6;240.5;233.4;238.4;81032100
230628;000000;239.02;242.34;236.8;241.21;51321260
230629;000000;241.8;241.8;238.6;239.67;28217550
230630;000000;239.75;241.26;239.02;239.99;28077670
230701;000000;240;240.68;238.36;239.61;24011230
230704;000000;240;244.56;239.15;243.33;47207170
230705;000000;243.45;243.78;240.61;240.7;41487820
230706;000000;241.48;241.9;240.24;240.95;19841190
230707;000000;241.45;242.47;240.71;240.96;23175870
230708;000000;241.2;243.75;240.7;243.67;30201090
230711;000000;244.22;249.45;244.2;249.4;64946220
230712;000000;250.02;250.2;246.51;247.99;49073930
230713;000000;248.39;249.2;246.1;247.52;39166310
230714;000000;247.96;248.15;245.34;246.19;29474970
230715;000000;246.3;247.05;244.51;246.45;25576610
230718;000000;244.76;246.2;243.6;245.39;35730950
230719;000000;245.6;247.5;245.26;246.77;35911790
230720;000000;247.21;248.1;245;245.85;31394740
230721;000000;246.25;246.25;242.15;242.7;35960520
230722;000000;243.17;244.53;241.7;244.13;32120690
230725;000000;243.99;245.85;243.52;244.87;19681330
230726;000000;245.37;247.77;244.81;247.2;39683790
230727;000000;247.22;248.33;245.9;247.05;26031980
230728;000000;247.51;249.3;247.24;247.95;39756100
230729;000000;247.99;249.45;246.67;249.25;35742280
230801;000000;251.35;267.77;251.35;267.4;167081570
230802;000000;268.98;273.35;264.1;268.5;162474350
230803;000000;268.53;269.97;266.52;268.57;48208590
230804;000000;269.01;271.35;266.8;269.11;75376240
230805;000000;269.48;272.96;261.21;264.12;132164900
230808;000000;266.5;268.09;260.5;261.92;61223950
230809;000000;261.91;265.44;258.8;264.62;65005790
230810;000000;265.46;265.8;263.05;263.91;34850720
230811;000000;264.72;267.5;263.96;266.91;37190100
230812;000000;267.2;267.4;264.8;266.23;24716230
230815;000000;267.37;268.77;259.15;260.45;86583040
230816;000000;259.1;264.17;256.63;260.42;58967150
230817;000000;261.29;261.68;254.33;256.02;71737910
230818;000000;257.19;258.8;255.5;258.5;35682720
230819;000000;258.39;261.37;257.35;261.14;30973320
230822;000000;262.33;263.06;259.51;261.15;35622200
230823;000000;261.9;262.11;259.81;261.45;25893210
230824;000000;261.55;261.83;256;256.4;53079140
230825;000000;257.62;259.94;256.4;259.63;26823420
230826;000000;258.8;261.6;257.61;260.5;28518670
230829;000000;261.25;267.83;260.81;266.93;57849930
230830;000000;266.62;267.56;265.14;265.68;35291820
230831;000000;265.73;267.36;263.1;264.7;38578950
230901;000000;265.05;266.25;264.3;264.85;22557030
230902;000000;265.4;265.62;264.06;265;19248500
230905;000000;266.5;269.11;266;267.39;47933710
230906;000000;266.97;267.98;261.09;264.75;39642920
230907;000000;264.33;264.68;262.31;263.5;28244090
230908;000000;263.52;264.97;256.1;258.79;67608570
230909;000000;258.45;259.33;253.1;255.68;49455340
230912;000000;257;258.37;255.16;256.25;43042300
230913;000000;257.69;262.4;257.09;262.4;45008650
230914;000000;262.38;262.77;257.59;258.18;29971320
230915;000000;258.85;261.38;255.02;260;46153720
230916;000000;259.8;262.74;258.56;260.83;35455920
230919;000000;262.06;263;258.76;259.07;28891500
230920;000000;258.93;259.32;251.5;252.72;89480280
230921;000000;252.81;255.47;249.82;253.77;66610520
230922;000000;252.94;254.2;249.81;250.16;58854870
230923;000000;249.85;253.1;248.62;251.99;40406630
230926;000000;252.11;253.49;249.83;252.65;31834270
230927;000000;252.2;257.17;250.9;255.87;42923170
230928;000000;256.26;257.85;254.63;256.1;27795730
230929;000000;256.22;258.25;255.5;257.67;26289900
230930;000000;257.99;262.59;256.71;260.72;68503050
231003;000000;261.38;261.92;257.03;258.98;35447350
231004;000000;258.99;260.5;257.23;259.65;23815150
231005;000000;259;260.39;258.24;259.53;18510890
231006;000000;260.71;261.39;258.26;259.38;23254560
231007;000000;259.77;263.4;257.86;262.93;31980230
231010;000000;263.02;265.97;263;265.25;45189600
231011;000000;264.9;265.18;257;263;33744090
231012;000000;263.18;263.99;259.5;260.21;29440350
231013;000000;260.03;264.5;259.66;264.5;27421510
231014;000000;264.75;265.04;262.7;263.51;18351530
231017;000000;263.99;269.2;263.51;268.15;53677710
231018;000000;268.25;271.97;266.91;270;51107660
231019;000000;270;271.19;266.11;267.9;40249640
231020;000000;267.14;271;266.28;268.65;33466930
231021;000000;268.5;270.3;266.5;269.8;32851790
231024;000000;270.47;274.1;269.65;270.1;62301840
231025;000000;270.03;272.06;268.62;271.27;27975250
231026;000000;271.5;274.96;270.53;273.73;41764060
231027;000000;274.1;276;269.12;269.9;59466100
231028;000000;270;271.98;266.8;269.7;49735190
231031;000000;269.9;271.55;268.6;269.89;33261680
231101;000000;269.91;270.5;266.87;268.35;26117980
231102;000000;268.29;270.3;267.6;269.68;20587810
231103;000000;270.01;270.98;268.5;269.06;25499750
231104;000000;269.07;269.78;267.2;268.54;20968810
231107;000000;269;273.87;268.62;273.42;29231770
231108;000000;273.08;274.78;272.2;273.31;32183320
231109;000000;273.53;278.35;273.28;278.15;58000060
231110;000000;278.6;278.85;276.02;276.65;28258660
231111;000000;276.99;281.3;276.6;280.19;44600220
231114;000000;280.4;284.8;280.32;283.97;45780320
231115;000000;283.66;283.88;280.54;280.87;40350240
231116;000000;280.87;283.93;278.51;282.89;41784490
231117;000000;282.4;283.69;279.56;279.7;24654700
231118;000000;279.69;282.5;278.66;281.6;31282610
231121;000000;281.8;284.2;281.61;282.91;25219810
231122;000000;282.29;283.82;281.66;282.79;19027720
231123;000000;283.14;286.67;282.85;286.16;47267490
231124;000000;286.16;287.77;285.04;286.19;27692900
231125;000000;286.48;287.5;285.11;286.85;26019540
231128;000000;287.41;289;278.88;282.33;79026910
231129;000000;282.4;282.51;277.32;279.91;45475110
231130;000000;279.48;280.56;276.2;276.8;29776060
231201;000000;276.71;278.65;272.75;277.5;55837620
231202;000000;277.04;277.98;273.55;273.97;31604310
231205;000000;273.59;274.95;270.52;270.96;37456310
231206;000000;271.97;279.65;270.54;279.62;46800410
231207;000000;279.92;280.79;266.83;267.58;99849690
231208;000000;267.74;270.44;263.06;265.12;63509590
231209;000000;266.01;268.23;263.72;265.16;35322130
231212;000000;265.17;266.47;254.81;256.89;77590450
231213;000000;256.79;262.88;255.05;257.6;63807080
231214;000000;257.58;261.39;256.5;260.45;29760860
231215;000000;261.4;262.75;255.58;256.64;40477500
231216;000000;256.61;268.91;256.61;268.21;84643800
231219;000000;268.9;270.44;266.54;268.4;51515190
231220;000000;268.35;269.71;265;267.35;38229660
231221;000000;267.52;269.1;266.2;266.61;30929220
231222;000000;266.55;266.87;263.5;265.19;33214370
231223;000000;266.07;271.9;265.37;271.3;58687300
231226;000000;271.75;273.85;270.05;271.08;37827910
231227;000000;271;272.89;270;271.9;22575240
231228;000000;271.9;272.59;270.85;271.08;17191450
231229;000000;270.99;272.48;268.52;271.74;29416450
231230;000000;272.08;272.59;270.55;270.82;20792860
240104;000000;271.75;274.7;271;274.56;20408560
240105;000000;274.68;275.48;273.7;274.12;11679550
240106;000000;274.3;274.69;272.8;273.62;9622380
240109;000000;273.59;277;273.53;276.76;21427450
240110;000000;276.94;278;274.71;275.28;20263120
240111;000000;275.3;276.16;273.64;274.49;20618950
240112;000000;274.62;275.97;274.01;275.71;19520470
240113;000000;275.9;276.96;274.77;275.84;17608350
240116;000000;276.3;277.73;275.21;275.96;21283290
240117;000000;276.24;276.45;274.1;276.01;16084140
240118;000000;276.02;279.17;275.75;278;34137100
240119;000000;278.22;278.87;276.76;277.07;17671830
240120;000000;277.39;277.47;273.55;274.86;28038880
240123;000000;274.89;275.9;273.85;274.93;15050630
240124;000000;274.69;277.26;274.31;275.9;20017040
240125;000000;275.94;276.44;273.7;273.77;20187430
240126;000000;274.03;274.18;271.55;272.81;24422490
240127;000000;273.1;273.72;272.21;272.65;11102660
240130;000000;273.05;274.95;272.7;274.05;17043130
240131;000000;274.05;277.25;273.97;275.67;27222730
240201;000000;275.8;276.45;275;276;12527800
240202;000000;276.07;277.75;275.93;276.86;15941680
240203;000000;277.01;277.3;276;276.74;12688460
240206;000000;276.94;278.57;276.9;277.84;16017040
240207;000000;278;278.99;277.3;278.67;15925370
240208;000000;278.81;284.5;278.81;284.41;45347300
240209;000000;284.56;286.24;281.25;282.17;44060410
240210;000000;282.16;284;281.5;283.5;24301430
240213;000000;283.67;287.84;283.5;287.28;33867350
240214;000000;287.52;289;285.4;287.07;33266090
240215;000000;287.08;290.6;286.84;289.06;35814960
240216;000000;289.26;290.45;287.63;290.24;25888540
240217;000000;290.47;292.3;286.25;288.33;53426930
240220;000000;288.59;289.98;287.07;288.93;24275510
240221;000000;289.23;289.28;283.29;283.9;44931560
240222;000000;283.91;285.28;280.2;282;48809450
240223;000000;282.24;285.05;282.1;284.77;25107350
240227;000000;288.52;291.3;287;291.25;42606720
240228;000000;291.34;293;290.55;292.52;32411030
240229;000000;292.61;293.95;289.75;291.75;49212360
240301;000000;292.3;293.2;291.3;292.19;22398680
240302;000000;292.21;295.88;292.21;295.38;27050460
240305;000000;295.8;299.5;295.8;299.17;40526260
240306;000000;299.32;300.41;297.57;298.4;41691010
240307;000000;298.19;299.33;296.82;297.71;17675740
240308;000000;297.72;300.58;297.24;300.4;21933870
240312;000000;300.99;302.95;298.5;299.79;41634000
240313;000000;299.54;301.07;297.34;300.9;28579520
240314;000000;301.2;301.49;298.7;298.85;23980400
240315;000000;298.47;298.7;295.14;295.83;42076250
240316;000000;295.75;299.44;295.29;298.3;26002750
240319;000000;299.41;299.98;297.63;298.87;20213950
240320;000000;298.3;299.4;294.21;295.2;59646690
240321;000000;295.4;296.88;293.52;295.4;30646650
240322;000000;295.95;297.3;291.8;295.62;70581560
240323;000000;295.77;296.79;291.05;292.99;48966360
240326;000000;294;294.93;292.13;293.9;25449910
240327;000000;294.44;295.82;293.04;294.11;16268420
240328;000000;294.45;295.11;293.47;295.1;14531720
240329;000000;295.51;299.3;295.51;299;33617440
240330;000000;299.37;299.5;298;298.72;17644190
240402;000000;299.99;301.65;299.5;300.43;28378290
240403;000000;300.42;300.99;298.95;300.38;19900790
240404;000000;300.39;307.13;300.17;306.72;58210390
240405;000000;306.8;307.77;304.36;304.61;29046010
240406;000000;304.65;306.5;303.7;306.1;19315070
240409;000000;306.5;308.6;306.22;307.75;24816860
240410;000000;308.1;309.35;305.51;306.76;31960600
240411;000000;306.76;307.14;304.62;306.48;20618060
240412;000000;306.64;308;305.7;306.95;20511760
240413;000000;307.41;307.87;306.3;307.1;16001210
240416;000000;307.4;308.39;306.64;307.99;20711610
240417;000000;308;308.65;307;308.29;17030710
240418;000000;308.64;309.74;305.91;306.59;28070320
240419;000000;306.02;308.29;305.05;307.99;20296500
240420;000000;308.02;308.38;306.8;307.38;14563250
240423;000000;307.99;315;307.38;314.99;68916500
240424;000000;315.3;315.79;306.26;307.39;92606890
240425;000000;307.52;309.79;306.65;307.94;26515970
240426;000000;307.96;309.07;307.45;308.41;15934990
240427;000000;308.5;309.9;308;309;21126710
240428;000000;309.2;309.99;308.7;308.98;13089900
240430;000000;309.13;309.6;307.65;308.97;10004910
240501;000000;309.19;309.49;308.03;308.24;5969290
240503;000000;308.71;309.19;306.8;307.37;16246440
240504;000000;307.16;308.29;304.34;307.53;30440790
240507;000000;308.08;308.09;305.55;306.01;19100370
240508;000000;306.25;308.87;306.21;308.22;16606530
240509;000000;308.41;311.83;308.08;311.21;33875380
240511;000000;311.49;313.5;311.31;313.49;16675700
240514;000000;314.1;315.7;314.04;314.85;21503920
240515;000000;314.98;318.41;313.58;318.12;35181520
240516;000000;318.2;320.16;317.7;319.7;28195960
240517;000000;320.01;322.91;320;322.91;27790120
240518;000000;322.95;323.5;320.02;323.16;24321350
240521;000000;324;324.85;318.94;321.08;36547050
240522;000000;320.89;322.23;318;320.64;33999260
240523;000000;320.84;323.1;320.84;322.93;18635350
240524;000000;322.8;324;321.23;323.54;17835590
240525;000000;323.83;324.48;319.78;321;26553810
240528;000000;321.08;321.95;315.5;317.09;45678990
240529;000000;317.49;320.9;315.82;318.22;30148450
240530;000000;318.4;320.4;315.92;320.38;22961680
240531;000000;320.91;321.55;316;316.63;26931430
240601;000000;316.5;318.49;309.8;313.11;49135220
240604;000000;313.5;315.5;305;310.95;61756350
240605;000000;310.97;316.5;308.8;316.49;33007760
240606;000000;316.63;318.28;313.85;314.72;27769570
240607;000000;314.7;316.45;311.15;313.08;28304600
240608;000000;313.61;320.64;312.73;319.9;44451740
240611;000000;320.79;321.98;315.21;317.28;26271510
240612;000000;317.5;319.84;315.88;317.8;20045280
240614;000000;305.83;317.82;304.14;317.71;40596660
240615;000000;317.8;320.7;316.2;319.35;21471310
240618;000000;320;320.45;316.85;317.65;15421940
240619;000000;317.65;318;313.02;314.34;21995830
240620;000000;314.38;314.78;307.51;310.7;42166660
240621;000000;310.71;314.72;306.02;314.15;72766890
240622;000000;314.9;316;312.6;314.14;29078260
240625;000000;314.57;319;314.14;317.25;29541850
240626;000000;317.42;319.89;316.28;319.8;25961320
240627;000000;320.1;324.56;319.8;324.55;42419730
240628;000000;324.8;327.83;322.63;327.16;46744210
240629;000000;327.83;329.3;325.8;327.15;40401840
240702;000000;327.68;329;326.25;327.1;31651010
240703;000000;327.3;328.87;326.82;328.37;21147250
240704;000000;328.6;330.45;327;328.2;32149800
240705;000000;328.37;329.57;323.81;324.66;40717120
240706;000000;324.72;327;321.01;325;40395560
240709;000000;325.76;327.44;323.74;324.07;27707420
240710;000000;324.32;325.33;317.5;319.99;54117710
240711;000000;319.01;320.3;314.3;316.68;88434130
240712;000000;289.96;296.98;285.22;295.87;163673770
240713;000000;296.01;297.48;290.97;292.21;49886960
240716;000000;292.93;293.86;283.5;284.38;58676410
240717;000000;284.49;285.69;276.7;285.25;82828490
240718;000000;285.84;289.96;283.23;284.68;42767400
240719;000000;284.69;289.99;282.73;289.83;34064140
240720;000000;290.67;292.58;289.2;289.9;30979970
240723;000000;291;294.95;291;294.71;33311040
240724;000000;295.45;295.48;293.36;294.39;22093540
240725;000000;294.38;296.67;293.2;295.69;24544600
240726;000000;295.7;297.3;294.2;296.37;22844710
240727;000000;296.4;300;292.67;293.3;84884940
240730;000000;292.94;292.94;286;286.58;52219730
240731;000000;286.5;291.99;284.32;290;42534130
240801;000000;290.46;291.2;288.01;289.3;25920100
240802;000000;289.75;290.69;287.04;287.21;18623090
240803;000000;287.21;287.99;284.37;286.04;30076980
240806;000000;282.79;283.46;275.17;275.49;81937270
240807;000000;277.02;281.16;276.35;279.4;43202810
240808;000000;280.01;283.27;277.21;282.2;48382920
240809;000000;283.25;285.42;280;281.09;42244110
240810;000000;280.98;282.67;279.62;281.44;22241490
240813;000000;280.17;281.5;278.03;280.74;27637540
240814;000000;281.05;284.33;280.42;283.92;24020180
240815;000000;284.2;284.7;280.12;280.32;21714850
240816;000000;280.62;280.85;276.73;278.01;28609160
240817;000000;278.06;279;274.32;274.6;26162430
240820;000000;275.08;275.56;265.02;268.17;68554390
240821;000000;268.35;269.49;263.36;266.2;54188810
240822;000000;266.16;267.8;263.86;266.93;37082330
240823;000000;266.93;268.5;260.15;261.6;47832270
240824;000000;261.7;262.8;255.56;259.5;76692590
240827;000000;263.55;266.95;261.54;265.39;49740810
240828;000000;265.82;266.07;259.82;260.5;32322390
240829;000000;259.9;262.47;254.99;262.47;47819940
240830;000000;262.59;264.19;258.36;260.31;34789950
240831;000000;260.55;261.8;254;254.45;46093930
240903;000000;254.03;254.2;242.65;244.31;97567000
240904;000000;244.39;250;240.01;244.04;105623660
240905;000000;244.51;253.5;242.8;253.01;70628230
240906;000000;255;258.17;251.11;252.82;78275280
240907;000000;253.04;255.35;250.31;254.77;41321430
240910;000000;256;263.45;255.3;263.31;66034220
240911;000000;264.6;264.61;258.7;261.29;57661380
240912;000000;260.8;262;257.5;258.2;38187230
240913;000000;257.79;258.68;252.85;254.93;46294910
240914;000000;255.18;259.92;248.75;258.25;111072970
240917;000000;259.65;264.37;257.8;263.79;52514890
240918;000000;264.12;267;260.55;265.99;57482960
240919;000000;265.73;267.99;263.15;263.4;43207650
240920;000000;263.93;266.19;262.32;264.5;35624340
240921;000000;264.55;269.21;264.5;269.08;38731230
240924;000000;269.32;273.8;269.3;273.17;49321720
240925;000000;273.83;273.94;270.5;272.92;36940480
240926;000000;272.93;273.8;267.3;267.8;43747450
240927;000000;267.6;269.76;265.41;267.88;31838840
240928;000000;268.5;269.7;267.17;268.07;18850980
241001;000000;269.25;272.33;268.14;268.49;42404640
241002;000000;267.64;268.68;264;266.29;51992710
241003;000000;266.28;268;258.52;259.31;46490120
241004;000000;259.31;264.49;257.2;264.25;56487900
241005;000000;264.95;265.44;262.11;264.09;25906840
241008;000000;264.25;267;261.37;263.39;28903960
241009;000000;263.19;263.8;261.89;262.4;16119810
241010;000000;262.55;263.8;259.59;260.86;24955850
241011;000000;260.89;261.64;258.91;259.98;17641350
241012;000000;259.81;260.07;256.8;256.94;24807370
241015;000000;256.47;263.91;254.1;261.28;64068170
241016;000000;260.94;263.7;259.84;262.03;26188700
241017;000000;262.06;264.72;258.45;259.5;40177540
241018;000000;259.5;260.45;256.03;256.57;24610370
241019;000000;256.5;258.9;254.41;256.49;29016770
